Workbook

Sheet List1_ContactInfo
A1: Name | B1: Email Address
A2: Attendee 1 | B2: attendee1@company.com
A3: Attendee 2 | B3: attendee2@company.com
A4: Attendee 3 | B4: attendee3@company.com
A5: Attendee 4 | B5: attendee4@company.com
A6: Attendee 5 | B6: attendee5@company.com
A7: Attendee 6 | B7: attendee6@company.com
A8: Attendee 7 | B8: attendee7@company.com
A9: Attendee 8 | B9: attendee8@company.com
A10: Attendee 9 | B10: attendee9@company.com
A11: Attendee 10 | B11: attendee10@company.com
A12: Attendee 11 | B12: attendee11@company.com
... A58: Attendee 50 | B58: attendee50@company.com

Sheet List2_Department
A1: Name | B1: Department | D1: Legend
A2: Attendee 1 | B2: Marketing | D2: Department | E2: Group
A3: Attendee 2 | B3: Sales | D3: Marketing | E3: A
A4: Attendee 3 | B4: HR | D4: Sales | E4: B
A5: Attendee 4 | B5: IT | D5: HR | E5: C
A6: Attendee 5 | B6: Finance | D6: IT | E6: D
A7: Attendee 6 | B7: Marketing | D7: Finance | E7: E
A8: Attendee 7 | B8: Sales
A9: Attendee 8 | B9: HR
A10: Attendee 9 | B10: IT
A11: Attendee 10 | B11: Finance
A12: Attendee 11 | B12: Marketing
A13: Attendee 12 | B13: Sales
A14: Attendee 13 | B14: HR
A15: Attendee 14 | B15: IT
A16: Attendee 15 | B16: Finance
A17: Attendee 16 | B17: Marketing
A18: Attendee 17 | B18: Sales
A19: Attendee 18 | B19: HR
... A51: Attendee 50 | B51: Finance

Sheet List3_Details
A1: Name | B1: Date | C1: Attended | D1: Estado de asistencia
A2: Attendee 1 | B2: 45474 | C2: Yes | D2: =IF(C2="Yes","Presente","Ausente") -> Presente
A3: Attendee 2 | B3: 45474 | C3: No | D3: =IF(C3="Yes","Presente","Ausente") -> Ausente
A4: Attendee 3 | B4: 45474 | C4: Yes | D4: =IF(C4="Yes","Presente","Ausente") -> Presente
A5: Attendee 4 | B5: 45474 | C5: No | D5: =IF(C5="Yes","Presente","Ausente") -> Ausente
A6: Attendee 5 | B6: 45474 | C6: Yes | D6: =IF(C6="Yes","Presente","Ausente") -> Presente
A7: Attendee 6 | B7: 45474 | C7: No | D7: =IF(C7="Yes","Presente","Ausente") -> Ausente
A8: Attendee 7 | B8: 45474 | C8: Yes | D8: =IF(C8="Yes","Presente","Ausente") -> Presente
A9: Attendee 8 | B9: 45474 | C9: No | D9: =IF(C9="Yes","Presente","Ausente") -> Ausente
A10: Attendee 9 | B10: 45474 | C10: Yes | D10: =IF(C10="Yes","Presente","Ausente") -> Presente
A11: Attendee 10 | B11: 45474 | C11: No | D11: =IF(C11="Yes","Presente","Ausente") -> Ausente
A12: Attendee 11 | B12: 45474 | C12: Yes | D12: =IF(C12="Yes","Presente","Ausente") -> Presente
A13: Attendee 12 | B13: 45474 | C13: No | D13: =IF(C13="Yes","Presente","Ausente") -> Ausente
... A251: Attendee 50 | B251: 45478 | C251: No | D251: =IF(C251="Yes","Presente","Ausente") -> Ausente

Sheet Hoja creada por mi
A1: Nombre | B1: Mes | C1: Contacto | D1: Grupo/Departamento | E1: Total de días de presencia | F1: Dias reales de presencia | G1: Porcentaje de asistencia | H1: Requisito de asistencia cumplido
A2: Attendee 1 | B2: 41257 | C2: =_xlfn.XLOOKUP(A2,List1_ContactInfo!A$2:A$58,List1_ContactInfo!B$2:B$58) -> attendee1@company.com | D2: =_xlfn.XLOOKUP(A2,List2_Department!A$2:A$51,List2_Department!B$2:B$51) -> Marketing | E2: =DATE(2012,12,7) - DATE(2012,12,3) + 1 -> 5 | F2: =COUNTIFS(List3_Details!A$2:A$251,'Hoja creada por mi'!A2,List3_Details!C$2:C$251,"Yes") -> 2 | G2: =IF(F2<>0,(F2/E2),0) -> 0.4 | H2: =IF(OR(D2="Marketing",D2="Sales",D2="HR"),IF(G2>=60%,"Cumplido","Incumplido"),IF(G2>40%,"Cumplido","Incumplido")) -> Incumplido
A3: Attendee 2 | B3: 41257 | C3: =_xlfn.XLOOKUP(A3,List1_ContactInfo!A$2:A$58,List1_ContactInfo!B$2:B$58) -> attendee2@company.com | D3: =_xlfn.XLOOKUP(A3,List2_Department!A$2:A$51,List2_Department!B$2:B$51) -> Sales | E3: =DATE(2012,12,7) - DATE(2012,12,3) + 1 -> 5 | F3: =COUNTIFS(List3_Details!A$2:A$251,'Hoja creada por mi'!A3,List3_Details!C$2:C$251,"Yes") -> 3 | G3: =IF(F3<>0,(F3/E3),0) -> 0.6 | H3: =IF(OR(D3="Marketing",D3="Sales",D3="HR"),IF(G3>=60%,"Cumplido","Incumplido"),IF(G3>40%,"Cumplido","Incumplido")) -> Cumplido
A4: Attendee 3 | B4: 41257 | C4: =_xlfn.XLOOKUP(A4,List1_ContactInfo!A$2:A$58,List1_ContactInfo!B$2:B$58) -> attendee3@company.com | D4: =_xlfn.XLOOKUP(A4,List2_Department!A$2:A$51,List2_Department!B$2:B$51) -> HR | E4: =DATE(2012,12,7) - DATE(2012,12,3) + 1 -> 5 | F4: =COUNTIFS(List3_Details!A$2:A$251,'Hoja creada por mi'!A4,List3_Details!C$2:C$251,"Yes") -> 2 | G4: =IF(F4<>0,(F4/E4),0) -> 0.4 | H4: =IF(OR(D4="Marketing",D4="Sales",D4="HR"),IF(G4>=60%,"Cumplido","Incumplido"),IF(G4>40%,"Cumplido","Incumplido")) -> Incumplido
A5: Attendee 4 | B5: 41257 | C5: =_xlfn.XLOOKUP(A5,List1_ContactInfo!A$2:A$58,List1_ContactInfo!B$2:B$58) -> attendee4@company.com | D5: =_xlfn.XLOOKUP(A5,List2_Department!A$2:A$51,List2_Department!B$2:B$51) -> IT | E5: =DATE(2012,12,7) - DATE(2012,12,3) + 1 -> 5 | F5: =COUNTIFS(List3_Details!A$2:A$251,'Hoja creada por mi'!A5,List3_Details!C$2:C$251,"Yes") -> 2 | G5: =IF(F5<>0,(F5/E5),0) -> 0.4 | H5: =IF(OR(D5="Marketing",D5="Sales",D5="HR"),IF(G5>=60%,"Cumplido","Incumplido"),IF(G5>40%,"Cumplido","Incumplido")) -> Incumplido
A6: Attendee 5 | B6: 41257 | C6: =_xlfn.XLOOKUP(A6,List1_ContactInfo!A$2:A$58,List1_ContactInfo!B$2:B$58) -> attendee5@company.com | D6: =_xlfn.XLOOKUP(A6,List2_Department!A$2:A$51,List2_Department!B$2:B$51) -> Finance | E6: =DATE(2012,12,7) - DATE(2012,12,3) + 1 -> 5 | F6: =COUNTIFS(List3_Details!A$2:A$251,'Hoja creada por mi'!A6,List3_Details!C$2:C$251,"Yes") -> 3 | G6: =IF(F6<>0,(F6/E6),0) -> 0.6 | H6: =IF(OR(D6="Marketing",D6="Sales",D6="HR"),IF(G6>=60%,"Cumplido","Incumplido"),IF(G6>40%,"Cumplido","Incumplido")) -> Cumplido
A7: Attendee 6 | B7: 41257 | C7: =_xlfn.XLOOKUP(A7,List1_ContactInfo!A$2:A$58,List1_ContactInfo!B$2:B$58) -> attendee6@company.com | D7: =_xlfn.XLOOKUP(A7,List2_Department!A$2:A$51,List2_Department!B$2:B$51) -> Marketing | E7: =DATE(2012,12,7) - DATE(2012,12,3) + 1 -> 5 | F7: =COUNTIFS(List3_Details!A$2:A$251,'Hoja creada por mi'!A7,List3_Details!C$2:C$251,"Yes") -> 3 | G7: =IF(F7<>0,(F7/E7),0) -> 0.6 | H7: =IF(OR(D7="Marketing",D7="Sales",D7="HR"),IF(G7>=60%,"Cumplido","Incumplido"),IF(G7>40%,"Cumplido","Incumplido")) -> Cumplido
A8: Attendee 7 | B8: 41257 | C8: =_xlfn.XLOOKUP(A8,List1_ContactInfo!A$2:A$58,List1_ContactInfo!B$2:B$58) -> attendee7@company.com | D8: =_xlfn.XLOOKUP(A8,List2_Department!A$2:A$51,List2_Department!B$2:B$51) -> Sales | E8: =DATE(2012,12,7) - DATE(2012,12,3) + 1 -> 5 | F8: =COUNTIFS(List3_Details!A$2:A$251,'Hoja creada por mi'!A8,List3_Details!C$2:C$251,"Yes") -> 4 | G8: =IF(F8<>0,(F8/E8),0) -> 0.8 | H8: =IF(OR(D8="Marketing",D8="Sales",D8="HR"),IF(G8>=60%,"Cumplido","Incumplido"),IF(G8>40%,"Cumplido","Incumplido")) -> Cumplido
A9: Attendee 8 | B9: 41257 | C9: =_xlfn.XLOOKUP(A9,List1_ContactInfo!A$2:A$58,List1_ContactInfo!B$2:B$58) -> attendee8@company.com | D9: =_xlfn.XLOOKUP(A9,List2_Department!A$2:A$51,List2_Department!B$2:B$51) -> HR | E9: =DATE(2012,12,7) - DATE(2012,12,3) + 1 -> 5 | F9: =COUNTIFS(List3_Details!A$2:A$251,'Hoja creada por mi'!A9,List3_Details!C$2:C$251,"Yes") -> 3 | G9: =IF(F9<>0,(F9/E9),0) -> 0.6 | H9: =IF(OR(D9="Marketing",D9="Sales",D9="HR"),IF(G9>=60%,"Cumplido","Incumplido"),IF(G9>40%,"Cumplido","Incumplido")) -> Cumplido
A10: Attendee 9 | B10: 41257 | C10: =_xlfn.XLOOKUP(A10,List1_ContactInfo!A$2:A$58,List1_ContactInfo!B$2:B$58) -> attendee9@company.com | D10: =_xlfn.XLOOKUP(A10,List2_Department!A$2:A$51,List2_Department!B$2:B$51) -> IT | E10: =DATE(2012,12,7) - DATE(2012,12,3) + 1 -> 5 | F10: =COUNTIFS(List3_Details!A$2:A$251,'Hoja creada por mi'!A10,List3_Details!C$2:C$251,"Yes") -> 4 | G10: =IF(F10<>0,(F10/E10),0) -> 0.8 | H10: =IF(OR(D10="Marketing",D10="Sales",D10="HR"),IF(G10>=60%,"Cumplido","Incumplido"),IF(G10>40%,"Cumplido","Incumplido")) -> Cumplido
A11: Attendee 10 | B11: 41257 | C11: =_xlfn.XLOOKUP(A11,List1_ContactInfo!A$2:A$58,List1_ContactInfo!B$2:B$58) -> attendee10@company.com | D11: =_xlfn.XLOOKUP(A11,List2_Department!A$2:A$51,List2_Department!B$2:B$51) -> Finance | E11: =DATE(2012,12,7) - DATE(2012,12,3) + 1 -> 5 | F11: =COUNTIFS(List3_Details!A$2:A$251,'Hoja creada por mi'!A11,List3_Details!C$2:C$251,"Yes") -> 2 | G11: =IF(F11<>0,(F11/E11),0) -> 0.4 | H11: =IF(OR(D11="Marketing",D11="Sales",D11="HR"),IF(G11>=60%,"Cumplido","Incumplido"),IF(G11>40%,"Cumplido","Incumplido")) -> Incumplido
A12: Attendee 11 | B12: 41257 | C12: =_xlfn.XLOOKUP(A12,List1_ContactInfo!A$2:A$58,List1_ContactInfo!B$2:B$58) -> attendee11@company.com | D12: =_xlfn.XLOOKUP(A12,List2_Department!A$2:A$51,List2_Department!B$2:B$51) -> Marketing | E12: =DATE(2012,12,7) - DATE(2012,12,3) + 1 -> 5 | F12: =COUNTIFS(List3_Details!A$2:A$251,'Hoja creada por mi'!A12,List3_Details!C$2:C$251,"Yes") -> 3 | G12: =IF(F12<>0,(F12/E12),0) -> 0.6 | H12: =IF(OR(D12="Marketing",D12="Sales",D12="HR"),IF(G12>=60%,"Cumplido","Incumplido"),IF(G12>40%,"Cumplido","Incumplido")) -> Cumplido
A13: Attendee 12 | B13: 41257 | C13: =_xlfn.XLOOKUP(A13,List1_ContactInfo!A$2:A$58,List1_ContactInfo!B$2:B$58) -> attendee12@company.com | D13: =_xlfn.XLOOKUP(A13,List2_Department!A$2:A$51,List2_Department!B$2:B$51) -> Sales | E13: =DATE(2012,12,7) - DATE(2012,12,3) + 1 -> 5 | F13: =COUNTIFS(List3_Details!A$2:A$251,'Hoja creada por mi'!A13,List3_Details!C$2:C$251,"Yes") -> 0 | G13: =IF(F13<>0,(F13/E13),0) -> 0 | H13: =IF(OR(D13="Marketing",D13="Sales",D13="HR"),IF(G13>=60%,"Cumplido","Incumplido"),IF(G13>40%,"Cumplido","Incumplido")) -> Incumplido
... A51: Attendee 50 | B51: 41257 | C51: =_xlfn.XLOOKUP(A51,List1_ContactInfo!A$2:A$58,List1_ContactInfo!B$2:B$58) -> attendee50@company.com | D51: =_xlfn.XLOOKUP(A51,List2_Department!A$2:A$51,List2_Department!B$2:B$51) -> Finance | E51: =DATE(2012,12,7) - DATE(2012,12,3) + 1 -> 5 | F51: =COUNTIFS(List3_Details!A$2:A$251,'Hoja creada por mi'!A51,List3_Details!C$2:C$251,"Yes") -> 1 | G51: =IF(F51<>0,(F51/E51),0) -> 0.2 | H51: =IF(OR(D51="Marketing",D51="Sales",D51="HR"),IF(G51>=60%,"Cumplido","Incumplido"),IF(G51>40%,"Cumplido","Incumplido")) -> Incumplido

Sheet Tabla creada por mi
A3: Cuenta de Estado de asistencia | B3: Date | L3: Porcantaje de asistencias
A4: Attended | B4: 45474 | C4: 45475 | D4: 45476 | E4: 45477 | F4: 45478 | G4: Total general | I4: Dia | J4: =B4 -> 45474 | K4: =C4 -> 45475 | L4: =D4 -> 45476 | M4: =E4 -> 45477 | N4: =F4 -> 45478 | O4: =G4 -> Total general
A5: No | B5: 25 | C5: 25 | D5: 26 | E5: 20 | F5: 27 | G5: 123 | I5: Porcentaje | J5: =B6/(B6+B5) -> 0.5 | K5: =C6/(C6+C5) -> 0.5 | L5: =D6/(D6+D5) -> 0.48 | M5: =E6/(E6+E5) -> 0.6 | N5: =F6/(F6+F5) -> 0.46 | O5: =G6/(G6+G5) -> 0.508
A6: Yes | B6: 25 | C6: 25 | D6: 24 | E6: 30 | F6: 23 | G6: 127
A7: Total general | B7: 50 | C7: 50 | D7: 50 | E7: 50 | F7: 50 | G7: 250
